Workbook

Sheet Read Me
B2: NIST Cybersecurity Framework (CSF) 2.0
B3: Cybersecurity Maturity & Gap Assessment — Solstice Logistics Group Ltd (fictional company, illustrative purposes)
B5: DISCLAIMER: Solstice Logistics Group Ltd is a fictional company created for portfolio purposes only. No real organisation, employee, customer, or data is represented. This assessment was built to demonstrate NIST CSF 2.0 maturity assessment methodology in a road freight and warehousing operating context.
B8: Company Context
B9: Solstice Logistics Group Ltd is a fictional UK road freight and warehousing operator with a fleet telematics platform, a warehouse management system (WMS), and EDI integrations with retail and manufacturing customers. This operating profile — logistics rather than financial services — is used deliberately to keep this assessment self-contained and unrelated to any other portfolio piece.
B11: Purpose
B12: This assessment evaluates Solstice's cybersecurity maturity against the NIST Cybersecurity Framework (CSF) 2.0, covering all six Functions — Govern, Identify, Protect, Detect, Respond, and Recover — and their 22 constituent Categories. It identifies the gap between current and target maturity and prioritises remediation into a roadmap.
B14: Maturity Scale
B15: Each Category is scored 0–4 for both Current and Target maturity, using the scale defined below. Target maturity reflects the level judged appropriate for a mid-size logistics operator handling commercially sensitive customer data and operationally critical systems — not every category needs to reach the maximum score.
B17: Gap & Priority
B18: Gap = Target Maturity minus Current Maturity. Priority is derived directly from the size of the gap (0 = None, 1 = Low, 2 = Medium, 3 = High, 4 = Critical) and is used to sequence the roadmap on the 'Roadmap' tab.
B20: How to use this workbook
... B24: Maturity Scale
B25: 0 | C25: Not Performed — No process exists; the activity is not carried out.
B26: 1 | C26: Ad Hoc / Initial — Performed informally and inconsistently; undocumented and person-dependent.
B27: 2 | C27: Repeatable — Performed consistently, but reactive and not fully documented or standardised.
B28: 3 | C28: Defined — Documented, standardised, and proactively managed across the organisation.
B29: 4 | C29: Managed & Measurable — Quantitatively measured, regularly reviewed, and continuously improved.
B32: Document Control
B33: Field | C33: Detail
B34: Document Title | C34: Solstice Logistics Group Ltd — NIST CSF 2.0 Cybersecurity Maturity & Gap Assessment
B35: Version | C35: 1.0
B36: Classification | C36: Portfolio / Illustrative — Fictional Data (see disclaimer above)
B37: Author | C37: Chigozirim Obianika
B38: Date Created | C38: 2025-09-15
B39: Last Reviewed | C39: 2025-09-15
B40: Next Review Due | C40: 2026-03-15 (or upon significant change to threat landscape or business scope)
B41: Approved By | C41: Risk Owner - Head of IT & Security (fictional approver, for illustrative sign-off)

Sheet Maturity Assessment
A1: Function | B1: Category ID | C1: Category Name | D1: Category Focus | E1: Current Maturity (0-4) | F1: Target Maturity (0-4) | G1: Gap | H1: Priority | I1: Evidence / Notes | J1: Recommended Actions | K1: Owner | L1: Target Quarter
A2: Govern | B2: GV.OC | C2: Organizational Context | D2: Understanding of mission, stakeholders, and legal/regulatory requirements that inform cybersecurity risk decisions. | E2: 2 | F2: 3 | G2: =F2-E2 -> 1 | H2: =IF(G2>=4,"Critical",IF(G2>=3,"High",IF(G2>=2,"Medium",IF(G2>=1,"Low","None")))) -> Low | I2: Basic awareness of GDPR obligations for customer/driver data; no formal statement linking business context to security priorities. | J2: Document a formal organisational context statement covering data protection obligations, customer contractual security requirements, and key operational dependencies (telematics, WMS). | K2: Risk Owner - Head of IT & Security | L2: Q1 2026
A3: Govern | B3: GV.RM | C3: Risk Management Strategy | D3: Organisational risk appetite, tolerance, and strategy established to support operational risk decisions. | E3: 1 | F3: 3 | G3: =F3-E3 -> 2 | H3: =IF(G3>=4,"Critical",IF(G3>=3,"High",IF(G3>=2,"Medium",IF(G3>=1,"Low","None")))) -> Medium | I3: No documented risk appetite; decisions on security spend made ad hoc by IT lead without board sign-off. | J3: Draft and board-approve a written risk appetite statement, distinguishing operational/safety risk (fleet, warehouse) from data/cyber risk. | K3: Risk Owner - Finance Director | L3: Q1 2026
A4: Govern | B4: GV.RR | C4: Roles, Responsibilities & Authorities | D4: Cybersecurity roles, responsibilities and authorities established and communicated across the organisation. | E4: 1 | F4: 3 | G4: =F4-E4 -> 2 | H4: =IF(G4>=4,"Critical",IF(G4>=3,"High",IF(G4>=2,"Medium",IF(G4>=1,"Low","None")))) -> Medium | I4: Security responsibilities sit informally with the IT Manager alongside day-to-day helpdesk duties; no formal mandate or budget authority. | J4: Formalise a named security accountability structure with defined authority, even if part-time, and communicate it to department heads. | K4: Risk Owner - Managing Director | L4: Q4 2025
A5: Govern | B5: GV.PO | C5: Policy | D5: Organisational cybersecurity policy established, communicated, and enforced. | E5: 1 | F5: 3 | G5: =F5-E5 -> 2 | H5: =IF(G5>=4,"Critical",IF(G5>=3,"High",IF(G5>=2,"Medium",IF(G5>=1,"Low","None")))) -> Medium | I5: An acceptable use policy exists from 2021 and has not been reviewed since; no policy covering cloud services or mobile devices used by drivers. | J5: Refresh and expand the policy set (acceptable use, access control, mobile device use for driver handhelds) with an annual review cycle. | K5: Risk Owner - Head of IT & Security | L5: Q1 2026
A6: Govern | B6: GV.OV | C6: Oversight | D6: Results of organisation-wide risk management activities reviewed and used to inform senior leadership decisions. | E6: 1 | F6: 2 | G6: =F6-E6 -> 1 | H6: =IF(G6>=4,"Critical",IF(G6>=3,"High",IF(G6>=2,"Medium",IF(G6>=1,"Low","None")))) -> Low | I6: No standing security item on the leadership team agenda; issues are only escalated after something goes wrong. | J6: Add a quarterly security and operational-risk summary to the leadership team agenda. | K6: Risk Owner - Managing Director | L6: Q2 2026
A7: Govern | B7: GV.SC | C7: Cybersecurity Supply Chain Risk Management | D7: Processes to identify, assess, and manage cybersecurity risk in suppliers and third-party relationships. | E7: 1 | F7: 2 | G7: =F7-E7 -> 1 | H7: =IF(G7>=4,"Critical",IF(G7>=3,"High",IF(G7>=2,"Medium",IF(G7>=1,"Low","None")))) -> Low | I7: The telematics and WMS vendors were selected on functionality and cost; no security due diligence was performed at procurement. | J7: Introduce a basic security questionnaire for new suppliers with access to operational systems or customer data, starting with the two core platform vendors. | K7: Risk Owner - Operations Director | L7: Q2 2026
A8: Identify | B8: ID.AM | C8: Asset Management | D8: Assets (data, devices, systems, software) are inventoried and managed consistent with their relative importance. | E8: 2 | F8: 3 | G8: =F8-E8 -> 1 | H8: =IF(G8>=4,"Critical",IF(G8>=3,"High",IF(G8>=2,"Medium",IF(G8>=1,"Low","None")))) -> Low | I8: A spreadsheet lists company laptops and servers but excludes driver handheld devices and warehouse scanners. | J8: Extend the asset inventory to cover all connected devices, including driver handhelds and warehouse scanning equipment, with an owner per asset. | K8: Risk Owner - Head of IT & Security | L8: Q4 2025
A9: Identify | B9: ID.RA | C9: Risk Assessment | D9: The organisation understands the cybersecurity risk to its operations, assets, and individuals. | E9: 1 | F9: 3 | G9: =F9-E9 -> 2 | H9: =IF(G9>=4,"Critical",IF(G9>=3,"High",IF(G9>=2,"Medium",IF(G9>=1,"Low","None")))) -> Medium | I9: No documented risk assessment exists; risk is discussed informally when an incident occurs, not proactively. | J9: Establish a basic risk register covering the core operational systems (WMS, telematics, EDI links) and review it twice yearly. | K9: Risk Owner - Head of IT & Security | L9: Q4 2025
A10: Identify | B10: ID.IM | C10: Improvement | D10: Improvements to organisational cybersecurity risk management are identified across all Functions. | E10: 0 | F10: 2 | G10: =F10-E10 -> 2 | H10: =IF(G10>=4,"Critical",IF(G10>=3,"High",IF(G10>=2,"Medium",IF(G10>=1,"Low","None")))) -> Medium | I10: No mechanism exists to capture lessons from IT incidents; the same issues have recurred (e.g. repeated phishing reports) without root-cause follow-up. | J10: Introduce a simple post-incident review template and log recurring issues to inform future priorities. | K10: Risk Owner - Head of IT & Security | L10: Q2 2026
A11: Protect | B11: PR.AA | C11: Identity Management, Authentication & Access Control | D11: Access to assets is limited to authorised users, services, and devices, and is managed consistent with risk. | E11: 1 | F11: 3 | G11: =F11-E11 -> 2 | H11: =IF(G11>=4,"Critical",IF(G11>=3,"High",IF(G11>=2,"Medium",IF(G11>=1,"Low","None")))) -> Medium | I11: Shared logins are used on several warehouse terminals for speed of shift changeover; MFA is not enabled on the WMS admin console. | J11: Move to individual logins on warehouse terminals with role-based permissions, and enforce MFA on all administrative access to the WMS and telematics platform. | K11: Risk Owner - Head of IT & Security | L11: Q4 2025
A12: Protect | B12: PR.AT | C12: Awareness and Training | D12: Personnel are provided cybersecurity awareness education and are adequately trained. | E12: 1 | F12: 2 | G12: =F12-E12 -> 1 | H12: =IF(G12>=4,"Critical",IF(G12>=3,"High",IF(G12>=2,"Medium",IF(G12>=1,"Low","None")))) -> Low | I12: Office staff received a one-off induction briefing; warehouse and driver staff have received no security awareness training at all. | J12: Introduce a short, role-appropriate awareness session for warehouse and driver staff (e.g. phishing via text/WhatsApp, device handling), separate from the office-focused induction. | K12: Risk Owner - HR Manager | L12: Q1 2026
A13: Protect | B13: PR.DS | C13: Data Security | D13: Data is managed consistent with the organisation's risk strategy to protect confidentiality, integrity, and availability. | E13: 2 | F13: 3 | G13: =F13-E13 -> 1 | H13: =IF(G13>=4,"Critical",IF(G13>=3,"High",IF(G13>=2,"Medium",IF(G13>=1,"Low","None")))) -> Low | I13: Customer shipment data is encrypted in transit via the EDI provider's platform, but shared spreadsheets of customer contact data are emailed internally without encryption. | J13: Restrict customer data exports to approved, encrypted channels and prohibit ad hoc spreadsheet distribution via email. | K13: Risk Owner - Head of IT & Security | L13: Q1 2026
... A23: Recover | B23: RC.CO | C23: Incident Recovery Communication | D23: Restoration activities are coordinated with internal and external parties. | E23: 0 | F23: 2 | G23: =F23-E23 -> 2 | H23: =IF(G23>=4,"Critical",IF(G23>=3,"High",IF(G23>=2,"Medium",IF(G23>=1,"Low","None")))) -> Medium | I23: Drivers and warehouse staff were not told why systems were down during the past incident, leading to confusion about manual fallback procedures. | J23: Define a simple internal communication step so operational staff are told what's happening and what to do during an outage or incident. | K23: Risk Owner - Operations Director | L23: Q3 2026

Sheet Function Summary
B2: Maturity by NIST CSF 2.0 Function
B4: Function | C4: Avg. Current Maturity | D4: Avg. Target Maturity | E4: Avg. Gap | F4: Category Count
B5: Govern | C5: =ROUND(AVERAGEIF('Maturity Assessment'!A2:A23,B5,'Maturity Assessment'!E2:E23),2) -> 1.17 | D5: =ROUND(AVERAGEIF('Maturity Assessment'!A2:A23,B5,'Maturity Assessment'!F2:F23),2) -> 2.67 | E5: =ROUND(D5-C5,2) -> 1.5 | F5: =COUNTIF('Maturity Assessment'!A2:A23,B5) -> 6
B6: Identify | C6: =ROUND(AVERAGEIF('Maturity Assessment'!A2:A23,B6,'Maturity Assessment'!E2:E23),2) -> 1 | D6: =ROUND(AVERAGEIF('Maturity Assessment'!A2:A23,B6,'Maturity Assessment'!F2:F23),2) -> 2.67 | E6: =ROUND(D6-C6,2) -> 1.67 | F6: =COUNTIF('Maturity Assessment'!A2:A23,B6) -> 3
B7: Protect | C7: =ROUND(AVERAGEIF('Maturity Assessment'!A2:A23,B7,'Maturity Assessment'!E2:E23),2) -> 1.2 | D7: =ROUND(AVERAGEIF('Maturity Assessment'!A2:A23,B7,'Maturity Assessment'!F2:F23),2) -> 2.8 | E7: =ROUND(D7-C7,2) -> 1.6 | F7: =COUNTIF('Maturity Assessment'!A2:A23,B7) -> 5
B8: Detect | C8: =ROUND(AVERAGEIF('Maturity Assessment'!A2:A23,B8,'Maturity Assessment'!E2:E23),2) -> 0 | D8: =ROUND(AVERAGEIF('Maturity Assessment'!A2:A23,B8,'Maturity Assessment'!F2:F23),2) -> 2 | E8: =ROUND(D8-C8,2) -> 2 | F8: =COUNTIF('Maturity Assessment'!A2:A23,B8) -> 2
B9: Respond | C9: =ROUND(AVERAGEIF('Maturity Assessment'!A2:A23,B9,'Maturity Assessment'!E2:E23),2) -> 0.5 | D9: =ROUND(AVERAGEIF('Maturity Assessment'!A2:A23,B9,'Maturity Assessment'!F2:F23),2) -> 2.25 | E9: =ROUND(D9-C9,2) -> 1.75 | F9: =COUNTIF('Maturity Assessment'!A2:A23,B9) -> 4
B10: Recover | C10: =ROUND(AVERAGEIF('Maturity Assessment'!A2:A23,B10,'Maturity Assessment'!E2:E23),2) -> 1 | D10: =ROUND(AVERAGEIF('Maturity Assessment'!A2:A23,B10,'Maturity Assessment'!F2:F23),2) -> 2.5 | E10: =ROUND(D10-C10,2) -> 1.5 | F10: =COUNTIF('Maturity Assessment'!A2:A23,B10) -> 2
B11: Overall Average | C11: =ROUND(AVERAGE(C5:C10),2) -> 0.81 | D11: =ROUND(AVERAGE(D5:D10),2) -> 2.48 | E11: =ROUND(D11-C11,2) -> 1.67 | F11: =SUM(F5:F10) -> 22

Sheet Roadmap
B2: Remediation Roadmap
B3: Actions from the Maturity Assessment, grouped by target quarter and ordered by priority within each quarter.
B5: Target Quarter | C5: Category ID | D5: Category Name | E5: Priority | F5: Gap | G5: Recommended Action | H5: Owner
B6: Q4 2025 | C6: GV.RR | D6: Roles, Responsibilities & Authorities | E6: Medium | F6: 2 | G6: Formalise a named security accountability structure with defined authority, even if part-time, and communicate it to department heads. | H6: Risk Owner - Managing Director
B7: Q4 2025 | C7: ID.RA | D7: Risk Assessment | E7: Medium | F7: 2 | G7: Establish a basic risk register covering the core operational systems (WMS, telematics, EDI links) and review it twice yearly. | H7: Risk Owner - Head of IT & Security
B8: Q4 2025 | C8: PR.AA | D8: Identity Management, Authentication & Access Control | E8: Medium | F8: 2 | G8: Move to individual logins on warehouse terminals with role-based permissions, and enforce MFA on all administrative access to the WMS and telematics platform. | H8: Risk Owner - Head of IT & Security
B9: Q4 2025 | C9: ID.AM | D9: Asset Management | E9: Low | F9: 1 | G9: Extend the asset inventory to cover all connected devices, including driver handhelds and warehouse scanning equipment, with an owner per asset. | H9: Risk Owner - Head of IT & Security
B10: Q1 2026 | C10: GV.RM | D10: Risk Management Strategy | E10: Medium | F10: 2 | G10: Draft and board-approve a written risk appetite statement, distinguishing operational/safety risk (fleet, warehouse) from data/cyber risk. | H10: Risk Owner - Finance Director
B11: Q1 2026 | C11: GV.PO | D11: Policy | E11: Medium | F11: 2 | G11: Refresh and expand the policy set (acceptable use, access control, mobile device use for driver handhelds) with an annual review cycle. | H11: Risk Owner - Head of IT & Security
B12: Q1 2026 | C12: PR.PS | D12: Platform Security | E12: Medium | F12: 2 | G12: Establish a scheduled maintenance window for WMS patching, tested in a staging environment first to reduce operational disruption risk. | H12: Risk Owner - Head of IT & Security
B13: Q1 2026 | C13: RS.MA | D13: Incident Management | E13: Medium | F13: 2 | G13: Document a basic incident response plan covering roles, an escalation path, and initial containment steps for the most likely scenarios (phishing, ransomware). | H13: Risk Owner - Head of IT & Security
B14: Q1 2026 | C14: GV.OC | D14: Organizational Context | E14: Low | F14: 1 | G14: Document a formal organisational context statement covering data protection obligations, customer contractual security requirements, and key operational dependencies (telematics, WMS). | H14: Risk Owner - Head of IT & Security
B15: Q1 2026 | C15: PR.AT | D15: Awareness and Training | E15: Low | F15: 1 | G15: Introduce a short, role-appropriate awareness session for warehouse and driver staff (e.g. phishing via text/WhatsApp, device handling), separate from the office-focused induction. | H15: Risk Owner - HR Manager
B16: Q1 2026 | C16: PR.DS | D16: Data Security | E16: Low | F16: 1 | G16: Restrict customer data exports to approved, encrypted channels and prohibit ad hoc spreadsheet distribution via email. | H16: Risk Owner - Head of IT & Security
B17: Q1 2026 | C17: RC.RP | D17: Incident Recovery Plan Execution | E17: Low | F17: 1 | G17: Schedule a planned restore test twice yearly to confirm backups are usable before they are needed in a real incident. | H17: Risk Owner - Head of IT & Security
... B27: Q3 2026 | C27: RS.MI | D27: Incident Mitigation | E27: Low | F27: 1 | G27: Document a basic containment checklist (isolate device, preserve evidence, notify IT Manager) for the most common incident types. | H27: Risk Owner - Head of IT & Security
